variant,n_mutations,wt_positions,mean_score,sum_score
N15P_G267V,2,"15,267",0.803332709594978,1.606665419189956
N15P_G267F,2,"15,267",0.7877316399652238,1.5754632799304475
N15P_G267L,2,"15,267",0.7763666223541443,1.5527332447082889
Y102I_G267V,2,"102,267",0.7454591877903745,1.490918375580749
Y102L_G267V,2,"102,267",0.7370904020949433,1.4741808041898865
N15P_E167L,2,"15,167",0.7304959860551867,1.4609919721103737
Y102I_G267F,2,"102,267",0.7298581181606201,1.45971623632124
N15P_Y157D,2,"15,157",0.7236858089814622,1.4473716179629244
N15G_G267V,2,"15,267",0.7229510395820714,1.4459020791641428
Y102L_G267F,2,"102,267",0.721489332465189,1.442978664930378
N15P_E167I,2,"15,167",0.7211973352824854,1.4423946705649708
Y102I_G267L,2,"102,267",0.7184931005495407,1.4369862010990817
N15P_C241K,2,"15,241",0.7124642278773028,1.4249284557546056
Y102L_G267L,2,"102,267",0.7101243148541095,1.420248629708219
N15P_C241A,2,"15,241",0.7081765166876683,1.4163530333753367
N15P_H212D,2,"15,212",0.7075835885586119,1.4151671771172238
N15G_G267F,2,"15,267",0.7073499699523171,1.4146999399046345
N15P_H212E,2,"15,212",0.7067570418232607,1.4135140836465214
N15V_G267V,2,"15,267",0.6989295250859264,1.3978590501718529
N15P_C241L,2,"15,241",0.6985679108892103,1.3971358217784209
