residue,n_appearances,n_variants,n_scenarios,mean_mean_score,mean_sum_score
267,87,27,6,0.679319968326121,1.358639936652242
167,72,14,6,0.6734456820278374,1.3468913640556748
15,43,22,8,0.6801557802837579,1.3603115605675158
171,34,11,7,0.6461288943757922,1.2922577887515845
157,25,14,8,0.650123517145779,1.300247034291558
241,13,10,2,0.6790982951620291,1.3581965903240583
102,13,13,2,0.691137725980439,1.382275451960878
168,5,1,5,0.6416064166060276,1.2832128332120551
212,2,2,1,0.7071703151909363,1.4143406303818726
