variant,n_appearances,n_scenarios,mean_mean_score,std_mean_score,max_mean_score,mean_sum_score,std_sum_score,max_sum_score
N15P_Y157D,3,3,0.6541243645402218,0.11668313975412882,0.7236858089814622,1.3082487290804437,0.23336627950825764,1.4473716179629244
N15P_E167L,2,2,0.6989727986802079,0.044580519114923355,0.7304959860551867,1.397945597360416,0.08916103822984678,1.4609919721103737
N15P_C241A,2,2,0.7058964141701962,0.0032245519038100008,0.7081765166876683,1.4117928283403924,0.0064491038076200016,1.4163530333753367
N15P_A171L,2,2,0.6307045457531611,0.03060535355852669,0.6523457987950072,1.2614090915063223,0.06121070711705338,1.3046915975900144
N15P_C241L,2,2,0.6962878083717383,0.0032245519038100793,0.6985679108892103,1.3925756167434766,0.0064491038076202375,1.3971358217784209
N15P_C241K,2,2,0.7101841253598308,0.0032245519038099617,0.7124642278773028,1.4203682507196616,0.0064491038076199235,1.4249284557546056
N15P_E167I,2,2,0.691041596550551,0.042646654698081335,0.7211973352824854,1.382083193101102,0.08529330939616267,1.4423946705649708
Y157D_A171F,2,2,0.6349955999991415,0.024487114167453108,0.6523106044786368,1.269991199998283,0.04897422833490629,1.3046212089572735
N15P_A171F,2,2,0.654145654269703,0.03632099727941514,0.6798284777454355,1.308291308539406,0.07264199455883028,1.359656955490871
E167L_G267F,1,1,0.6923771547873174,,0.6923771547873174,1.3847543095746349,,1.3847543095746349
E167I_G267V,1,1,0.6968259210393548,,0.6968259210393548,1.3936518420787096,,1.3936518420787096
E167I_G267L,1,1,0.677791035928178,,0.677791035928178,1.355582071856356,,1.355582071856356
E167I_G267F,1,1,0.6858134013007047,,0.6858134013007047,1.3716268026014091,,1.3716268026014091
A171L_G267V,1,1,0.6510672617270226,,0.6510672617270226,1.3021345234540451,,1.3021345234540451
A171L_G267F,1,1,0.6400547419883724,,0.6400547419883724,1.2801094839767448,,1.2801094839767448
A171F_G267V,1,1,0.6704667998096778,,0.6704667998096778,1.3409335996193557,,1.3409335996193557
E167L_G267L,1,1,0.6843547894147908,,0.6843547894147908,1.3687095788295816,,1.3687095788295816
N15G_G267V,1,1,0.7229510395820714,,0.7229510395820714,1.4459020791641428,,1.4459020791641428
N15G_G267F,1,1,0.7073499699523171,,0.7073499699523171,1.4146999399046345,,1.4146999399046345
E167V_G267V,1,1,0.6745820897791674,,0.6745820897791674,1.349164179558335,,1.349164179558335
E167V_G267L,1,1,0.6555472046679907,,0.6555472046679907,1.311094409335981,,1.311094409335981
E167L_G267V,1,1,0.7033896745259675,,0.7033896745259675,1.406779349051935,,1.406779349051935
E167V_G267F,1,1,0.6635695700405173,,0.6635695700405173,1.3271391400810346,,1.3271391400810346
A171F_G267L,1,1,0.651431914698501,,0.651431914698501,1.302863829397002,,1.302863829397002
A171F_G267F,1,1,0.6594542800710277,,0.6594542800710277,1.3189085601420554,,1.3189085601420554
N15P_E167V,1,1,0.6386420265584292,,0.6386420265584292,1.2772840531168583,,1.2772840531168583
N15P_A171Y,1,1,0.5894084975486249,,0.5894084975486249,1.1788169950972498,,1.1788169950972498
N15P_G267V,1,1,0.803332709594978,,0.803332709594978,1.606665419189956,,1.606665419189956
N15P_G267F,1,1,0.7877316399652238,,0.7877316399652238,1.5754632799304475,,1.5754632799304475
N15P_H212D,1,1,0.7075835885586119,,0.7075835885586119,1.4151671771172238,,1.4151671771172238
N15P_H212E,1,1,0.7067570418232607,,0.7067570418232607,1.4135140836465214,,1.4135140836465214
N15P_Y102I,1,1,0.6890522982369032,,0.6890522982369032,1.3781045964738063,,1.3781045964738063
N15P_G267L,1,1,0.7763666223541443,,0.7763666223541443,1.5527332447082889,,1.5527332447082889
N15P_Y157N,1,1,0.6816133776187422,,0.6816133776187422,1.3632267552374844,,1.3632267552374844
N15P_Y157S,1,1,0.6515477401203413,,0.6515477401203413,1.303095480240683,,1.303095480240683
N15V_G267V,1,1,0.6989295250859264,,0.6989295250859264,1.3978590501718529,,1.3978590501718529
R168K_G267V,1,1,0.6416064166060276,,0.6416064166060276,1.2832128332120551,,1.2832128332120551
Y102I_C241A,1,1,0.6458778233746463,,0.6458778233746463,1.2917556467492926,,1.2917556467492926
Y102I_C241K,1,1,0.6501655345642807,,0.6501655345642807,1.3003310691285614,,1.3003310691285614
Y102I_G267F,1,1,0.7298581181606201,,0.7298581181606201,1.45971623632124,,1.45971623632124
N15P_Y102L,1,1,0.6806835125414721,,0.6806835125414721,1.3613670250829442,,1.3613670250829442
Y102I_G267L,1,1,0.7184931005495407,,0.7184931005495407,1.4369862010990817,,1.4369862010990817
Y102I_G267V,1,1,0.7454591877903745,,0.7454591877903745,1.490918375580749,,1.490918375580749
Y102L_C241K,1,1,0.6417967488688495,,0.6417967488688495,1.283593497737699,,1.283593497737699
Y102I_Y157D,1,1,0.6615344249701045,,0.6615344249701045,1.323068849940209,,1.323068849940209
Y102L_G267F,1,1,0.721489332465189,,0.721489332465189,1.442978664930378,,1.442978664930378
Y102L_G267L,1,1,0.7101243148541095,,0.7101243148541095,1.420248629708219,,1.420248629708219
Y102L_G267V,1,1,0.7370904020949433,,0.7370904020949433,1.4741808041898865,,1.4741808041898865
Y102L_Y157D,1,1,0.6531656392746732,,0.6531656392746732,1.3063312785493464,,1.3063312785493464
Y157D_A171L,1,1,0.598281057436991,,0.598281057436991,1.196562114873982,,1.196562114873982
Y157D_A171Y,1,1,0.5786262622743008,,0.5786262622743008,1.1572525245486016,,1.1572525245486016
Y157D_C241A,1,1,0.6760984383859254,,0.6760984383859254,1.3521968767718509,,1.3521968767718509
Y157D_C241K,1,1,0.6803861495755599,,0.6803861495755599,1.3607722991511195,,1.3607722991511195
Y157D_C241L,1,1,0.6664898325874675,,0.6664898325874675,1.332979665174935,,1.332979665174935
Y157D_E167I,1,1,0.6497435331402239,,0.6497435331402239,1.299487066280448,,1.299487066280448
Y157D_E167L,1,1,0.6563072866268367,,0.6563072866268367,1.3126145732536734,,1.3126145732536734
Y157N_C241K,1,1,0.6427266139461196,,0.6427266139461196,1.2854532278922393,,1.2854532278922393
