wt_idx,wt_aa,mut_aa,delta_logp,is_charged_mut,hydrophobic_to_polar,aromatic_gain,aromatic_loss,mutation_priority_score,norm_delta_logp,norm_priority,final_score
167,E,L,5.433,False,False,False,False,0.6153846153846154,0.6599003273855593,0.9915865203857424,0.7925748045856326
167,E,I,5.253,False,False,False,False,0.6153846153846154,0.6380211490968504,0.9915865203857424,0.7794472976124072
167,E,V,4.643,False,False,False,False,0.6153846153846154,0.5638750448962258,0.9915865203857424,0.7349596350920324
171,A,F,4.484,False,False,True,False,0.62,0.5445484374078662,0.9999999817708336,0.7267290551530532
171,A,L,3.952,False,False,False,False,0.62,0.479883310465682,0.9999999817708336,0.6879299789877427
168,R,K,4.103,True,False,False,False,0.5789473684210527,0.498237510030099,0.9251644568192334,0.6690082887457528
171,A,Y,3.413,False,True,True,False,0.62,0.4143673265900481,0.9999999817708336,0.6486203886623624
168,R,E,3.573,True,False,False,False,0.5789473684210527,0.4338154850689005,0.9251644568192334,0.6303550737690338
267,G,V,8.231,False,False,False,False,0.0909090909090909,0.99999999878449,0.0355113629890211,0.6142045444663023
168,R,A,3.113,False,False,False,False,0.5789473684210527,0.3779020294421999,0.9251644568192334,0.5968070003930134
267,G,F,7.929,False,False,True,False,0.0909090909090909,0.9632915996556562,0.0355113629890211,0.5921795049890022
267,G,L,7.709,False,False,False,False,0.0909090909090909,0.9365503817472342,0.0355113629890211,0.5761347742439489
15,N,P,7.217,False,False,False,False,0.09375,0.8767472944247631,0.04069010342492,0.5423244180248258
157,Y,D,6.599,True,False,False,True,0.125,0.801628782300196,0.097656248219808,0.5200397686680407
