variant_id,length,contact_density_mean,radius_of_gyration,surface_residues_proxy,exposed_hydrophobic_count,exposed_hydrophobic_frac,hydrophobic_patch_largest_component,pI,charge_pH_6.8,charge_pH_7.4,charge_pH_8.0,target_rmsd,nearest_variant_rmsd,composite_score,score_nn_rmsd,score_contact_density,score_rg,score_hydro_frac,score_hydro_patch,global_rank
TARGET,272,18.669117647058822,16.816871643066406,230,83,0.361,83,5.53,-0.17,-0.44,-0.76,0.0,,,,,,,,
VAR_01_E167L_G267V,272,18.683823529411764,16.810565948486328,224,81,0.362,76,5.53,-0.17,-0.44,-0.76,2.0101499662325093,0.2494292835423982,0.48085273047855026,0.5694528884112433,0.5695876288659751,0.6637954552748915,0.3469387755102056,0.530791788856305,12.0
VAR_02_E167I_G267V,272,18.705882352941178,16.80276107788086,226,82,0.363,77,5.53,-0.17,-0.44,-0.76,1.740983307214756,0.1900766674702061,0.5213238744649072,0.7220186131373125,0.621134020618556,0.7732411657091427,0.2653061224489812,0.472140762463343,11.0
VAR_03_E167L_G267F,272,18.544117647058822,16.82016944885254,232,84,0.362,70,5.53,-0.17,-0.44,-0.76,2.309636817187747,0.1569538382676432,0.5601105041668618,0.8071607480032843,0.24312714776631258,0.529128018315836,0.3469387755102056,0.8826979472140762,7.0
VAR_04_E167I_G267F,272,18.529411764705884,16.827503204345703,232,86,0.371,86,5.53,-0.17,-0.44,-0.76,2.2520576750862205,0.1569538382676432,0.3160915208884443,0.8071607480032843,0.2087628865979336,0.4262886349776893,0.0,0.0,16.0
VAR_05_E167L_G267L,272,18.5,16.84299659729004,228,82,0.36,68,5.53,-0.17,-0.44,-0.76,2.11509215799167,0.0941909862066611,0.6089863827896242,0.9684924742899896,0.14003436426115906,0.20902873618555284,0.5102040816326542,1.0,6.0
VAR_06_E167I_G267L,272,18.419117647058822,16.835227966308594,230,82,0.357,68,5.53,-0.17,-0.44,-0.76,2.0870098098097394,0.1254119097016923,0.6115336876160209,0.8882391824411022,0.0,0.3179662676124114,0.7551020408163271,1.0,5.0
VAR_07_E167V_G267V,272,18.647058823529413,16.7997989654541,225,81,0.36,76,5.53,-0.17,-0.44,-0.76,1.865970810517455,0.1900766674702061,0.5533239116488659,0.7220186131373125,0.4836769759450152,0.8147781129976062,0.5102040816326542,0.530791788856305,8.0
VAR_08_A171F_G267V,272,18.602941176470587,16.805471420288086,226,80,0.354,76,5.53,-0.17,-0.44,-0.76,1.8343070667011696,0.2715659400380537,0.5405346625931343,0.5125506781166905,0.38058419243985336,0.735234725208881,1.0,0.530791788856305,9.0
VAR_09_N15P_E167L,272,18.86764705882353,16.787546157836914,228,83,0.364,70,5.53,-0.17,-0.44,-0.76,0.6216567242489535,0.0819336192246038,0.7526213548739394,1.0,0.9991408934707912,0.9865961100234198,0.18367346938775697,0.8826979472140762,2.0
VAR_10_E167V_G267F,272,18.47058823529412,16.829959869384766,232,85,0.366,85,5.53,-0.17,-0.44,-0.76,2.417207108388524,0.2503412480724639,0.22366016167746944,0.5671086862738901,0.07130584192439281,0.3918394475291763,0.020408163265308366,0.00293255131964798,19.0
VAR_11_N15P_E167I,272,18.860294117647054,16.77817726135254,230,84,0.365,71,5.53,-0.17,-0.44,-0.76,0.635701637496662,0.0819336192246038,0.7274093210461912,1.0,0.9819587628865892,1.0,0.10204081632653261,0.8240469208211143,3.0
VAR_12_A171F_G267F,272,18.477941176470587,16.831552505493164,233,84,0.361,80,5.53,-0.17,-0.44,-0.76,1.8767975683643936,0.2952541168914512,0.3092451653599116,0.45166028931424773,0.08848797250857814,0.3695063174674461,0.4285714285714298,0.2961876832844573,17.0
VAR_13_Y157D_E167L,272,18.58823529411765,16.831504821777344,228,81,0.355,76,5.53,-0.17,-0.44,-0.76,1.9291298222405344,0.4643451547678395,0.3379676293166191,0.01701227469402855,0.34621993127147443,0.37017497405612065,0.9183673469387756,0.530791788856305,15.0
VAR_14_E167V_G267L,272,18.477941176470587,16.82251739501953,230,82,0.357,68,5.53,-0.17,-0.44,-0.76,2.119836543918645,0.0941909862066611,0.6667065810746828,0.9684924742899896,0.08848797250857814,0.4962033678895009,0.7551020408163271,1.0,4.0
VAR_15_A171F_G267L,272,18.47058823529412,16.83304214477539,229,81,0.354,68,5.53,-0.17,-0.44,-0.76,2.1000767575178454,0.2969411052070873,0.5297547920983119,0.4473238908197589,0.07130584192439281,0.34861748563725303,1.0,1.0,10.0
VAR_16_A171L_G267V,272,18.44117647058824,16.84857749938965,228,81,0.355,76,5.53,-0.17,-0.44,-0.76,1.8739896303221075,0.3296614705551492,0.36634186108669603,0.36321628810588813,0.0025773195876265553,0.1307691690470828,0.9183673469387756,0.530791788856305,14.0
VAR_17_Y157D_E167I,272,18.522058823529413,16.815763473510742,226,81,0.358,68,5.53,-0.17,-0.44,-0.76,2.504069339734025,0.4252001452287296,0.4241390321873322,0.11763440637023082,0.19158075601373997,0.5909118871093649,0.6734693877551028,1.0,13.0
VAR_18_R168K_G267V,272,18.5,16.85782241821289,230,83,0.361,78,5.53,-0.17,-0.44,-0.76,1.8848280488914968,0.596710797213714,0.16810181910245053,0.0,0.14003436426115906,0.0011300296348599748,0.4285714285714298,0.4134897360703811,20.0
VAR_19_A171L_G267F,272,18.455882352941178,16.859434127807617,231,82,0.355,82,5.53,-0.17,-0.44,-0.76,2.0329678109490925,0.3296614705551492,0.28803835168569036,0.36321628810588813,0.03694158075600553,0.0,0.9183673469387756,0.17888563049853357,18.0
VAR_20_N15P_E167V,272,18.875,16.787033081054688,229,83,0.362,70,5.53,-0.17,-0.44,-0.76,0.6150473140437438,0.0988455549488125,0.7649178669771127,0.9565279190533698,1.0,0.9937908549175581,0.3469387755102056,0.8826979472140762,1.0
