variant_id,length,contact_density_mean,radius_of_gyration,surface_residues_proxy,exposed_hydrophobic_count,exposed_hydrophobic_frac,hydrophobic_patch_largest_component,pI,charge_pH_6.8,charge_pH_7.4,charge_pH_8.0,target_rmsd,nearest_variant_rmsd
TARGET,272,18.669117647058822,16.816871643066406,150,42,0.28,15,5.53,-0.17,-0.44,-0.76,0.0,
VAR_01_E167L_G267V,272,18.683823529411764,16.810565948486328,150,45,0.3,15,5.53,-0.17,-0.44,-0.76,2.0101499662325093,0.2494292835423982
VAR_02_E167I_G267V,272,18.705882352941178,16.80276107788086,147,43,0.293,15,5.53,-0.17,-0.44,-0.76,1.740983307214756,0.1900766674702061
VAR_03_E167L_G267F,272,18.544117647058822,16.82016944885254,157,48,0.306,16,5.53,-0.17,-0.44,-0.76,2.309636817187747,0.1569538382676432
VAR_04_E167I_G267F,272,18.529411764705884,16.827503204345703,155,46,0.297,16,5.53,-0.17,-0.44,-0.76,2.2520576750862205,0.1569538382676432
VAR_05_E167L_G267L,272,18.5,16.84299659729004,152,45,0.296,15,5.53,-0.17,-0.44,-0.76,2.11509215799167,0.0941909862066611
VAR_06_E167I_G267L,272,18.419117647058822,16.835227966308594,156,45,0.288,15,5.53,-0.17,-0.44,-0.76,2.0870098098097394,0.1254119097016923
VAR_07_E167V_G267V,272,18.647058823529413,16.7997989654541,150,44,0.293,15,5.53,-0.17,-0.44,-0.76,1.865970810517455,0.1900766674702061
VAR_08_A171F_G267V,272,18.602941176470587,16.805471420288086,151,44,0.291,16,5.53,-0.17,-0.44,-0.76,1.8343070667011696,0.2715659400380537
VAR_09_N15P_E167L,272,18.86764705882353,16.787546157836914,152,44,0.289,17,5.53,-0.17,-0.44,-0.76,0.6216567242489535,0.0819336192246038
VAR_10_E167V_G267F,272,18.470588235294116,16.829959869384766,155,46,0.297,17,5.53,-0.17,-0.44,-0.76,2.417207108388524,0.2503412480724639
VAR_11_N15P_E167I,272,18.860294117647058,16.77817726135254,152,45,0.296,24,5.53,-0.17,-0.44,-0.76,0.635701637496662,0.0819336192246038
VAR_12_A171F_G267F,272,18.477941176470587,16.831552505493164,157,45,0.287,15,5.53,-0.17,-0.44,-0.76,1.8767975683643936,0.2952541168914512
VAR_13_Y157D_E167L,272,18.58823529411765,16.831504821777344,152,44,0.289,16,5.53,-0.17,-0.44,-0.76,1.9291298222405344,0.4643451547678395
VAR_14_E167V_G267L,272,18.477941176470587,16.82251739501953,153,44,0.288,15,5.53,-0.17,-0.44,-0.76,2.119836543918645,0.0941909862066611
VAR_15_A171F_G267L,272,18.470588235294116,16.83304214477539,154,44,0.286,15,5.53,-0.17,-0.44,-0.76,2.1000767575178454,0.2969411052070873
VAR_16_A171L_G267V,272,18.441176470588236,16.84857749938965,154,46,0.299,17,5.53,-0.17,-0.44,-0.76,1.8739896303221075,0.3296614705551492
VAR_17_Y157D_E167I,272,18.522058823529413,16.815763473510742,155,46,0.297,17,5.53,-0.17,-0.44,-0.76,2.504069339734025,0.4252001452287296
VAR_18_R168K_G267V,272,18.5,16.85782241821289,155,45,0.29,24,5.53,-0.17,-0.44,-0.76,1.8848280488914972,0.596710797213714
VAR_19_A171L_G267F,272,18.455882352941178,16.859434127807617,154,44,0.286,16,5.53,-0.17,-0.44,-0.76,2.0329678109490925,0.3296614705551492
VAR_20_N15P_E167V,272,18.875,16.787033081054688,151,43,0.285,17,5.53,-0.17,-0.44,-0.76,0.6150473140437438,0.0988455549488125
