target_idx,target_aa,status,lock_reason,entropy,top_aa,top_freq,non_gap_n
3,I,LOCK,conserved,-0.0,I,1.0,6
6,P,LOCK,conserved,-0.0,P,1.0,6
8,Q,LOCK,conserved,-0.0,Q,1.0,6
11,W,LOCK,conserved,-0.0,W,1.0,6
15,K,LOCK,conserved,-0.0,K,1.0,6
28,Y,LOCK,conserved,-0.0,Y,1.0,6
29,V,LOCK,conserved,-0.0,V,1.0,6
30,E,LOCK,conserved,-0.0,E,1.0,6
31,W,LOCK,conserved,-0.0,W,1.0,6
32,G,LOCK,conserved,-0.0,G,1.0,6
38,P,LOCK,conserved,-0.0,P,1.0,6
41,L,LOCK,conserved,-0.0,L,1.0,6
43,H,LOCK,conserved,-0.0,H,1.0,6
44,G,LOCK,conserved,-0.0,G,1.0,6
47,D,LOCK,conserved,-0.0,D,1.0,6
49,S,LOCK,conserved,-0.0,S,1.0,6
50,R,LOCK,conserved,-0.0,R,1.0,6
56,A,LOCK,conserved,-0.0,A,1.0,6
57,P,LOCK,conserved,-0.0,P,1.0,6
59,L,LOCK,conserved,-0.0,L,1.0,6
66,A,LOCK,conserved,-0.0,A,1.0,6
68,D,LOCK,conserved,-0.0,D,1.0,6
70,R,LOCK,conserved,-0.0,R,1.0,6
71,G,LOCK,conserved,-0.0,G,1.0,6
73,G,LOCK,conserved,-0.0,G,1.0,6
78,P,LOCK,conserved,-0.0,P,1.0,6
88,A,LOCK,conserved,-0.0,A,1.0,6
89,E,LOCK,conserved,-0.0,E,1.0,6
90,D,LOCK,conserved,-0.0,D,1.0,6
94,F,LOCK,conserved,-0.0,F,1.0,6
95,I,LOCK,conserved,-0.0,I,1.0,6
107,G,LOCK,conserved,-0.0,G,1.0,6
108,H,LOCK,conserved,-0.0,H,1.0,6
109,S,LOCK,catalytic,-0.0,S,1.0,6
111,G,LOCK,conserved,-0.0,G,1.0,6
112,S,LOCK,conserved,-0.0,S,1.0,6
115,A,LOCK,conserved,-0.0,A,1.0,6
116,G,LOCK,conserved,-0.0,G,1.0,6
118,L,LOCK,conserved,-0.0,L,1.0,6
119,A,LOCK,conserved,-0.0,A,1.0,6
123,P,LOCK,conserved,-0.0,P,1.0,6
129,L,LOCK,conserved,-0.0,L,1.0,6
131,L,LOCK,conserved,-0.0,L,1.0,6
133,S,LOCK,conserved,-0.0,S,1.0,6
156,P,LOCK,conserved,-0.0,P,1.0,6
158,D,LOCK,conserved,-0.0,D,1.0,6
168,W,LOCK,conserved,-0.0,W,1.0,6
174,G,LOCK,conserved,-0.0,G,1.0,6
177,D,LOCK,conserved,-0.0,D,1.0,6
180,M,LOCK,conserved,-0.0,M,1.0,6
184,L,LOCK,conserved,-0.0,L,1.0,6
187,E,LOCK,conserved,-0.0,E,1.0,6
192,P,LOCK,conserved,-0.0,P,1.0,6
196,W,LOCK,conserved,-0.0,W,1.0,6
208,W,LOCK,conserved,-0.0,W,1.0,6
211,A,LOCK,conserved,-0.0,A,1.0,6
220,L,LOCK,conserved,-0.0,L,1.0,6
221,I,LOCK,conserved,-0.0,I,1.0,6
223,W,LOCK,conserved,-0.0,W,1.0,6
224,G,LOCK,conserved,-0.0,G,1.0,6
227,D,LOCK,catalytic,0.6500224216483541,D,0.8333333333333334,6
241,A,LOCK,conserved,-0.0,A,1.0,6
243,P,LOCK,conserved,-0.0,P,1.0,6
245,A,LOCK,conserved,-0.0,A,1.0,6
250,Y,LOCK,conserved,-0.0,Y,1.0,6
252,G,LOCK,conserved,-0.0,G,1.0,6
254,G,LOCK,conserved,-0.0,G,1.0,6
255,H,LOCK,catalytic,-0.0,H,1.0,6
256,S,LOCK,conserved,-0.0,S,1.0,6
257,M,LOCK,conserved,-0.0,M,1.0,6
259,W,LOCK,conserved,-0.0,W,1.0,6
262,P,LOCK,conserved,-0.0,P,1.0,6
268,D,LOCK,conserved,-0.0,D,1.0,6
272,F,LOCK,conserved,-0.0,F,1.0,6
